{"cameraMode":{"drawMode":0,"name":"Shaded","section":"Shading Mode"},"sceneLighting":false,"audioPlay":false,"sceneViewState":{"showFog":true,"showMaterialUpdate":false,"showSkybox":true,"showFlares":true,"showImageEffects":true,"showParticleSystems":true},"in2DMode":false,"pivot":{"x":1.00411057472229,"y":-0.47173067927360537,"z":0.7430311441421509},"rotation":{"x":0.1235257163643837,"y":0.4056434631347656,"z":-0.05543157085776329,"w":0.9039480686187744},"size":2.8578836917877199,"orthographic":false}