{"cameraMode":{"drawMode":0,"name":"Shaded","section":"Shading Mode"},"sceneLighting":false,"audioPlay":false,"sceneViewState":{"showFog":true,"showMaterialUpdate":false,"showSkybox":true,"showFlares":true,"showImageEffects":true,"showParticleSystems":true},"in2DMode":false,"pivot":{"x":-8.365882873535157,"y":7.943455696105957,"z":-1.1142839193344117},"rotation":{"x":0.07721060514450073,"y":0.7202799320220947,"z":-0.08123783022165299,"w":0.684569776058197},"size":2.8578836917877199,"orthographic":false}