{"cameraMode":{"drawMode":0,"name":"Shaded","section":"Shading Mode"},"sceneLighting":false,"audioPlay":false,"sceneViewState":{"showFog":true,"showMaterialUpdate":false,"showSkybox":true,"showFlares":true,"showImageEffects":true,"showParticleSystems":true},"in2DMode":false,"pivot":{"x":-2.9927258491516115,"y":7.063806533813477,"z":1.8914703130722047},"rotation":{"x":-0.05834297835826874,"y":-0.7214779257774353,"z":-0.06124844774603844,"w":0.6872512698173523},"size":4.942666053771973,"orthographic":false}