{"cameraMode":{"drawMode":0,"name":"Shaded","section":"Shading Mode"},"sceneLighting":false,"audioPlay":false,"sceneViewState":{"showFog":true,"showMaterialUpdate":false,"showSkybox":true,"showFlares":true,"showImageEffects":true,"showParticleSystems":true},"in2DMode":false,"pivot":{"x":0.9392439126968384,"y":-196.7484130859375,"z":135.16476440429688},"rotation":{"x":-0.01342013105750084,"y":-0.7254592776298523,"z":0.014150354079902172,"w":-0.6879887580871582},"size":2.8578836917877199,"orthographic":false}