{"cameraMode":{"drawMode":0,"name":"Shaded","section":"Shading Mode"},"sceneLighting":false,"audioPlay":false,"sceneViewState":{"showFog":true,"showMaterialUpdate":false,"showSkybox":true,"showFlares":true,"showImageEffects":true,"showParticleSystems":true},"in2DMode":false,"pivot":{"x":3.938053846359253,"y":1.064583420753479,"z":-0.22102054953575135},"rotation":{"x":0.03529299050569534,"y":0.8964285254478455,"z":-0.07260013371706009,"w":0.43577468395233157},"size":5.875465393066406,"orthographic":false}